"city","time_index","actual_pm25","predicted_pm25","error"
"Delhi",1,182.913,177.69052957356,5.22247042644003
"Delhi",2,169.914285714286,168.232590796248,1.68169491803789
"Delhi",3,105.9825,163.297324903184,57.3148249031835
"Delhi",4,170.451739130435,160.722043966319,9.72969516411572
"Delhi",5,163.129583333333,159.378231485395,3.75135184793814
"Delhi",6,182.6545,158.677014015085,23.9774859849152
"Delhi",7,226.172,158.311110328634,67.860889671366
"Delhi",8,227.856153846154,158.120177396374,69.7359764497797
"Delhi",9,230.79,158.02054630226,72.7694536977397
"Delhi",10,337.413333333333,157.968557602371,179.444775730963
"Delhi",11,227.355,157.941429275213,69.4135707247872
"Delhi",12,159.405,157.927273388723,1.47772661127695
"Delhi",13,278.846,157.919886677366,120.926113322634
"Delhi",14,167.001304347826,157.916032202784,9.08527214504252
"Delhi",15,228.97,157.914020891716,71.0559791082844
"Delhi",16,313.418,157.912971365476,155.505028634524
"Delhi",17,195.895,157.912423710097,37.9825762899031
"Delhi",18,354.38,157.912137936951,196.467862063049
"Delhi",19,287.530833333333,157.911988817096,129.618844516237
"Delhi",20,288.087142857143,157.911911004567,130.175231852576
"Delhi",21,221.901666666667,157.911870401056,63.9897962656102
"Delhi",22,226.08625,157.911849213657,68.1744007863425
"Delhi",23,213.019444444444,157.911838157819,55.1076062866259
"Delhi",24,205.872380952381,157.911832388749,47.9605485636317
"Delhi",25,203.450909090909,157.91182937838,45.5390797125294
"Delhi",26,204.971764705882,157.911827807533,47.0599368983497
"Delhi",27,179.072380952381,157.911826987846,21.1605539645351
"Delhi",28,299.73,157.911826560124,141.818173439877
"Delhi",29,258.023571428571,157.911826336933,100.111745091639
"Delhi",30,248.1925,157.911826220469,90.2806737795308
"Delhi",31,209.430416666667,157.911826159697,51.5185905069695
"Delhi",32,202.699523809524,157.911826127986,44.7876976815383
"Delhi",33,142.495,157.911826111438,15.416826111438
"Delhi",34,123.1525,157.911826102803,34.7593261028034
"Delhi",35,221.99,157.911826098298,64.0781739017023
"Delhi",36,240.050714285714,157.911826095947,82.1388881897678
"Delhi",37,325.603333333333,157.91182609472,167.691507238614
"Delhi",38,216.958,157.91182609408,59.0461739059205
"Delhi",39,191.322608695652,157.911826093745,33.4107826019067
"Delhi",40,137.505833333333,157.911826093571,20.4059927602378
"Delhi",41,149.400416666667,157.91182609348,8.51140942681354
"Delhi",42,259.1025,157.911826093433,101.190673906567
"Delhi",43,245.16,157.911826093408,87.248173906592
"Delhi",44,345.86,157.911826093395,187.948173906605
"Delhi",45,293.265454545455,157.911826093388,135.353628452066
"Delhi",46,244.29,157.911826093385,86.3781739066152
"Delhi",47,334.596666666667,157.911826093383,176.684840573284
"Delhi",48,291.599090909091,157.911826093382,133.687264815709
"Delhi",49,357.655,157.911826093381,199.743173906618
"Delhi",50,363.835,157.911826093381,205.923173906619
"Delhi",51,274.99,157.911826093381,117.078173906619
"Delhi",52,346.86,157.911826093381,188.948173906619
"Delhi",53,263.164,157.911826093381,105.252173906619
"Delhi",54,224.132,157.911826093381,66.220173906619
"Delhi",55,257.948260869565,157.911826093381,100.036434776184
"Delhi",56,255.062857142857,157.911826093381,97.1510310494762
"Mumbai",1,243.951428571429,231.58521293066,12.3662156407687
"Mumbai",2,236.082352941176,214.323985658414,21.7583672827629
"Mumbai",3,217.35,203.726950528851,13.6230494711494
"Mumbai",4,257.710526315789,199.209535861739,58.5009904540505
"Mumbai",5,216.82,197.81638355824,19.00361644176
"Mumbai",6,232.446842105263,197.592181264695,34.8546608405685
"Mumbai",7,206.976,197.665642947013,9.3103570529874
"Mumbai",8,190.073333333333,197.753503645307,7.68017031197354
"Mumbai",9,194.657272727273,197.802411439625,3.14513871235258
"Mumbai",10,194.607368421053,197.821912597537,3.21454417648462
"Mumbai",11,81.6429411764706,197.82740677903,116.18446560256
"Mumbai",12,42.6404545454545,197.828013752429,155.187559206974
"Mumbai",13,97.0178260869565,197.827531615058,100.809705528101
"Mumbai",14,88.45,197.82709713235,109.37709713235
"Mumbai",15,182.9175,197.826874822166,14.909374822166
"Mumbai",16,175.634210526316,197.82679195359,22.1925814272745
"Mumbai",17,212.424736842105,197.826770987691,14.5979658544142
"Mumbai",18,214.874,197.826770061282,17.0472299387178
"Mumbai",19,162.1925,197.826772865856,35.6342728658555
"Mumbai",20,114.304782608696,197.826774964967,83.5219923562718
"Mumbai",21,104.037,197.826775960866,93.7897759608659
"Mumbai",22,111.014285714286,197.826776306983,86.8124905926975
"Mumbai",23,143.922173913043,197.826776383472,53.9046024704289
"Mumbai",24,151.42,197.826776379651,46.4067763796512
"Mumbai",25,121.44625,197.826776364421,76.3805263644209
"Mumbai",26,130.987619047619,197.826776354477,66.8391573068582
"Mumbai",27,141.642631578947,197.826776350079,56.184144771132
"Mumbai",28,197.427368421053,197.826776348662,0.39940792760919
"Mumbai",29,216.492857142857,197.826776348401,18.6660807944562
"Mumbai",30,225.565,197.826776348453,27.7382236515469
"Mumbai",31,121.111666666667,197.826776348532,76.7151096818654
"Mumbai",32,107.719166666667,197.826776348578,90.1076096819117
"Mumbai",33,145.435,197.826776348597,52.3917763485975
"Mumbai",34,118.1635,197.826776348603,79.6632763486032
"Mumbai",35,145.468636363636,197.826776348604,52.3581399849676
"Mumbai",36,194.0325,197.826776348604,3.79427634860357
"Mumbai",37,216.224,197.826776348603,18.3972236513968
"Mumbai",38,277.18125,197.826776348603,79.354473651397
"Mumbai",39,159.4455,197.826776348603,38.3812763486029
"Mumbai",40,209.65,197.826776348603,11.8232236513971
"Mumbai",41,260.763333333333,197.826776348603,62.9365569847305
"Mumbai",42,300.239090909091,197.826776348603,102.412314560488
"Mumbai",43,303.4825,197.826776348603,105.655723651397
"Mumbai",44,301.585555555556,197.826776348603,103.758779206953
"Mumbai",45,305.88,197.826776348603,108.053223651397
"Mumbai",46,301.237857142857,197.826776348603,103.411080794254
"Mumbai",47,272.976470588235,197.826776348603,75.1496942396325
"Mumbai",48,233.838571428571,197.826776348603,36.0117950799686
"Mumbai",49,220.447727272727,197.826776348603,22.6209509241244
"Mumbai",50,243.9925,197.826776348603,46.1657236513971
"Mumbai",51,236.887727272727,197.826776348603,39.0609509241244
"Mumbai",52,166.287272727273,197.826776348603,31.5395036213301
"Mumbai",53,147.2675,197.826776348603,50.5592763486029
"Mumbai",54,151.093333333333,197.826776348603,46.7334430152695
"Mumbai",55,207.732105263158,197.826776348603,9.90532891455504
"Mumbai",56,121.81,197.826776348603,76.0167763486029
"Mumbai",57,128.969444444444,197.826776348603,68.8573319041584
"Mumbai",58,179.054545454545,197.826776348603,18.7722308940574
"Kolkata",1,179.807916666667,243.202203355496,63.3942866888294
"Kolkata",2,201.530526315789,236.64824496469,35.1177186489003
"Kolkata",3,203.22625,223.617733387625,20.3914833876254
"Kolkata",4,133.791111111111,216.184502141794,82.3933910306825
"Kolkata",5,55.52875,211.030041154944,155.501291154944
"Kolkata",6,46.6241666666667,208.279263381397,161.65509671473
"Kolkata",7,146.297916666667,206.776090387026,60.4781737203598
"Kolkata",8,160.404,206.051727557076,45.647727557076
"Kolkata",9,161.2425,205.713995343336,44.4714953433363
"Kolkata",10,173.8,205.573774452892,31.773774452892
"Kolkata",11,276.215454545455,205.521713873801,70.693740671654
"Kolkata",12,228.776666666667,205.507283279742,23.2693833869243
"Kolkata",13,247.491666666667,205.506400555816,41.9852661108505
"Kolkata",14,174.886842105263,205.509322936629,30.6224808313659
"Kolkata",15,132.308571428571,205.512410844868,73.2038394162963
"Kolkata",16,233.944,205.514699308058,28.4293006919416
"Kolkata",17,191.552,205.516150301987,13.9641503019866
"Kolkata",18,114.827222222222,205.516986482303,90.6897642600806
"Kolkata",19,190.556666666667,205.517433555475,14.9607668888083
"Kolkata",20,203.877647058824,205.517657120194,1.64001006137076
"Kolkata",21,157.322,205.517761367687,48.1957613676871
"Kolkata",22,186.9925,205.517806084969,18.5253060849689
"Kolkata",23,136.250416666667,205.517823098593,69.2674064319261
"Kolkata",24,70.75,205.517828264268,134.767828264268
"Kolkata",25,171.554761904762,205.517828942008,33.9630670372463
"Kolkata",26,200.035217391304,205.517828271185,5.48261087988067
"Kolkata",27,148.504166666667,205.517827435251,57.0136607685843
"Kolkata",28,190.877222222222,205.517826786138,14.6406045639162
"Kolkata",29,241.967222222222,205.517826363688,36.4493958585342
"Kolkata",30,219.558461538462,205.517826115973,14.0406354224886
"Kolkata",31,200.683333333333,205.517825981552,4.83449264821851
"Kolkata",32,297.15,205.517825913395,91.632174086605
"Kolkata",33,262.08,205.517825881121,56.5621741188789
"Kolkata",34,254.0975,205.517825867006,48.5796741329942
"Kolkata",35,281.731333333333,205.517825861471,76.2135074718626
"Kolkata",36,264.087647058824,205.517825859678,58.5698211991452
"Kolkata",37,271.787222222222,205.517825859348,66.2693963628746
"Kolkata",38,275.275555555556,205.517825859486,69.7577296960691
"Kolkata",39,257.975,205.517825859709,52.4571741402913
"Kolkata",40,230.942,205.517825859892,25.4241741401084
"Kolkata",41,172.5275,205.517825860014,32.990325860014
"Kolkata",42,185.225,205.517825860087,20.2928258600871
"Kolkata",43,233.878181818182,205.517825860127,28.3603559580544
"Kolkata",44,214.788461538462,205.517825860148,9.27063567831337
"Kolkata",45,235.64,205.517825860158,30.1221741398419
"Kolkata",46,228.077058823529,205.517825860163,22.5592329633668
"Kolkata",47,218.3785,205.517825860164,12.8606741398357
"Kolkata",48,250.929166666667,205.517825860165,45.4113408065017
"Kolkata",49,283.364285714286,205.517825860165,77.8464598541206
"Kolkata",50,235.881428571429,205.517825860165,30.3636027112635
"Kolkata",51,265.0175,205.517825860165,59.499674139835
"Kolkata",52,229.6325,205.517825860165,24.114674139835
"Kolkata",53,269.561538461538,205.517825860165,64.0437126013736
"Kolkata",54,215.245789473684,205.517825860165,9.72796361351931
"Kolkata",55,222.093529411765,205.517825860165,16.5757035515998
"Kolkata",56,213.084444444444,205.517825860165,7.56661858427955
"Kolkata",57,266.17625,205.517825860165,60.6584241398351
"Kolkata",58,204.88,205.517825860165,0.637825860164895
"Chennai",1,84.1283333333333,73.4019550222033,10.72637831113
"Chennai",2,117.2125,78.5003779437947,38.7121220562053
"Chennai",3,38.8034782608696,78.5003779437947,39.6968996829252
"Chennai",4,18.9075,78.5003779437947,59.5928779437947
"Chennai",5,16.6804166666667,78.5003779437947,61.8199612771281
"Chennai",6,27.50375,78.5003779437947,50.9966279437947
"Chennai",7,34.7729166666667,78.5003779437947,43.7274612771281
"Chennai",8,66.3383333333333,78.5003779437947,12.1620446104614
"Chennai",9,52.3154166666667,78.5003779437947,26.1849612771281
"Chennai",10,33.9170833333333,78.5003779437947,44.5832946104614
"Chennai",11,59.36375,78.5003779437947,19.1366279437947
"Chennai",12,26.455,78.5003779437947,52.0453779437947
"Chennai",13,15.945,78.5003779437947,62.5553779437947
"Chennai",14,31.355,78.5003779437947,47.1453779437947
"Chennai",15,28.47875,78.5003779437947,50.0216279437947
"Chennai",16,21.98875,78.5003779437947,56.5116279437947
"Chennai",17,48.1158333333333,78.5003779437947,30.3845446104614
"Chennai",18,15.3816666666667,78.5003779437947,63.1187112771281
"Chennai",19,11.9079166666667,78.5003779437947,66.5924612771281
"Chennai",20,14.96625,78.5003779437947,63.5341279437947
"Chennai",21,48.3241666666667,78.5003779437947,30.1762112771281
"Chennai",22,65.0379166666667,78.5003779437947,13.4624612771281
"Chennai",23,120.292105263158,78.5003779437947,41.7917273193632
"Chennai",24,35.8133333333333,78.5003779437947,42.6870446104614
"Chennai",25,20.53875,78.5003779437947,57.9616279437947
"Chennai",26,27.715,78.5003779437947,50.7853779437947
"Chennai",27,49.2804166666667,78.5003779437947,29.2199612771281
"Chennai",28,50.3991666666667,78.5003779437947,28.1012112771281
"Chennai",29,43.6154166666667,78.5003779437947,34.8849612771281
"Chennai",30,65.9088235294118,78.5003779437947,12.591554414383
"Chennai",31,62.30875,78.5003779437947,16.1916279437947
"Chennai",32,61.7957142857143,78.5003779437947,16.7046636580804
"Chennai",33,75.43,78.5003779437947,3.07037794379474
"Chennai",34,79.0925,78.5003779437947,0.59212205620527
"Chennai",35,87.5466666666667,78.5003779437947,9.04628872287194
"Chennai",36,159.400588235294,78.5003779437947,80.9002102914994
"Chennai",37,171.116,78.5003779437947,92.6156220562053
"Chennai",38,135.310526315789,78.5003779437947,56.8101483719947
"Chennai",39,111.329583333333,78.5003779437947,32.8292053895386
"Chennai",40,61.45375,78.5003779437947,17.0466279437947
"Chennai",41,54.7070833333333,78.5003779437947,23.7932946104614
"Chennai",42,29.6779166666667,78.5003779437947,48.8224612771281
"Chennai",43,55.2195833333333,78.5003779437947,23.2807946104614
"Chennai",44,43.4154166666667,78.5003779437947,35.0849612771281
"Chennai",45,33.5504166666667,78.5003779437947,44.9499612771281
"Chennai",46,80.5966666666667,78.5003779437947,2.09628872287193
"Chennai",47,100.432631578947,78.5003779437947,21.9322536351526
"Chennai",48,104.907142857143,78.5003779437947,26.4067649133481
"Chennai",49,89.3914285714286,78.5003779437947,10.8910506276338
"Chennai",50,57.8708333333333,78.5003779437947,20.6295446104614
"Chennai",51,86.9134782608696,78.5003779437947,8.41310031707484
"Chennai",52,59.00875,78.5003779437947,19.4916279437947
"Chennai",53,44.2866666666667,78.5003779437947,34.2137112771281
"Chennai",54,16.5358333333333,78.5003779437947,61.9645446104614
"Chennai",55,59.5068421052632,78.5003779437947,18.9935358385316
"Chennai",56,61.182,78.5003779437947,17.3183779437947
"Chennai",57,68.5704166666667,78.5003779437947,9.92996127712806
"Chennai",58,83.99,78.5003779437947,5.48962205620526
"Bengaluru",1,58.754347826087,38.3620833333333,20.3922644927536
"Bengaluru",2,32.2184210526316,38.3620833333333,6.14366228070175
"Bengaluru",3,15.1683333333333,38.3620833333333,23.19375
"Bengaluru",4,8.5575,38.3620833333333,29.8045833333333
"Bengaluru",5,8.56375,38.3620833333333,29.7983333333333
"Bengaluru",6,8.98208333333333,38.3620833333333,29.38
"Bengaluru",7,7.8675,38.3620833333333,30.4945833333333
"Bengaluru",8,6.35333333333333,38.3620833333333,32.00875
"Bengaluru",9,6.23583333333333,38.3620833333333,32.12625
"Bengaluru",10,10.5545,38.3620833333333,27.8075833333333
"Bengaluru",11,8.40791666666667,38.3620833333333,29.9541666666667
"Bengaluru",12,8.7225,38.3620833333333,29.6395833333333
"Bengaluru",13,6.42166666666667,38.3620833333333,31.9404166666667
"Bengaluru",14,4.267,38.3620833333333,34.0950833333333
"Bengaluru",15,5.60875,38.3620833333333,32.7533333333333
"Bengaluru",16,6.03045454545455,38.3620833333333,32.3316287878788
"Bengaluru",17,10.0495833333333,38.3620833333333,28.3125
"Bengaluru",18,5.79739130434783,38.3620833333333,32.5646920289855
"Bengaluru",19,14.0029166666667,38.3620833333333,24.3591666666667
"Bengaluru",20,30.6047826086957,38.3620833333333,7.75730072463768
"Bengaluru",21,47.4557142857143,38.3620833333333,9.09363095238096
"Bengaluru",22,26.3783333333333,38.3620833333333,11.98375
"Bengaluru",23,14.265,38.3620833333333,24.0970833333333
"Bengaluru",24,7.1725,38.3620833333333,31.1895833333333
"Bengaluru",25,17.0316666666667,38.3620833333333,21.3304166666667
"Bengaluru",26,17.04625,38.3620833333333,21.3158333333333
"Bengaluru",27,24.1525,38.3620833333333,14.2095833333333
"Bengaluru",28,17.78625,38.3620833333333,20.5758333333333
"Bengaluru",29,33.3595833333333,38.3620833333333,5.0025
"Bengaluru",30,30.8620833333333,38.3620833333333,7.5
"Bengaluru",31,20.1479166666667,38.3620833333333,18.2141666666667
"Bengaluru",32,11.39625,38.3620833333333,26.9658333333333
"Bengaluru",33,17.82875,38.3620833333333,20.5333333333333
"Bengaluru",34,53.6516666666667,38.3620833333333,15.2895833333333
"Bengaluru",35,61.3095454545455,38.3620833333333,22.9474621212121
"Bengaluru",36,51.895,38.3620833333333,13.5329166666667
"Bengaluru",37,60.6733333333333,38.3620833333333,22.31125
"Bengaluru",38,86.4329166666667,38.3620833333333,48.0708333333333
"Bengaluru",39,34.1695833333333,38.3620833333333,4.1925
"Bengaluru",40,28.085,38.3620833333333,10.2770833333333
"Bengaluru",41,22.6875,38.3620833333333,15.6745833333333
"Bengaluru",42,39.4766666666667,38.3620833333333,1.11458333333334
"Bengaluru",43,19.0783333333333,38.3620833333333,19.28375
"Bengaluru",44,7.82875,38.3620833333333,30.5333333333333
"Bengaluru",45,17.47875,38.3620833333333,20.8833333333333
"Bengaluru",46,32.5383333333333,38.3620833333333,5.82375
"Bengaluru",47,57.6979166666667,38.3620833333333,19.3358333333333
"Bengaluru",48,59.3429166666667,38.3620833333333,20.9808333333333
"Bengaluru",49,52.0079166666667,38.3620833333333,13.6458333333333
"Bengaluru",50,39.6325,38.3620833333333,1.27041666666667
"Bengaluru",51,39.41375,38.3620833333333,1.05166666666667
"Bengaluru",52,18.3179166666667,38.3620833333333,20.0441666666667
"Bengaluru",53,13.0625,38.3620833333333,25.2995833333333
"Bengaluru",54,21.0684210526316,38.3620833333333,17.2936622807018
"Bengaluru",55,41.73,38.3620833333333,3.36791666666667
"Bengaluru",56,32.47875,38.3620833333333,5.88333333333333
"Bengaluru",57,31.8635714285714,38.3620833333333,6.4985119047619
"Hyderabad",1,139.933,204.88713019561,64.9541301956098
"Hyderabad",2,145.444090909091,193.000134139083,47.5560432299917
"Hyderabad",3,202.649047619048,183.336098546765,19.312949072283
"Hyderabad",4,106.10875,175.479312569427,69.370562569427
"Hyderabad",5,81.60375,169.091806511114,87.4880565111136
"Hyderabad",6,104.007083333333,163.898813630478,59.8917302971448
"Hyderabad",7,43.4225,159.676950698038,116.254450698038
"Hyderabad",8,29.5170833333333,156.244608880898,126.727525547565
"Hyderabad",9,22.8254166666667,153.454141606568,130.628724939901
"Hyderabad",10,45.50375,151.185513356832,105.681763356832
"Hyderabad",11,102.613043478261,149.341136186442,46.7280927081808
"Hyderabad",12,83.46625,147.84167185285,64.3754218528495
"Hyderabad",13,41.2520833333333,146.622618980254,105.37053564692
"Hyderabad",14,50.7573684210526,145.631538450432,94.8741700293798
"Hyderabad",15,30.0733333333333,144.825797667017,114.752464333683
"Hyderabad",16,48.8025,144.170736659839,95.3682366598387
"Hyderabad",17,111.375416666667,143.638177141992,32.2627604753254
"Hyderabad",18,122.609090909091,143.205210384788,20.5961194756966
"Hyderabad",19,39.0233333333333,142.853211769493,103.829878436159
"Hyderabad",20,19.7883333333333,142.567039625539,122.778706292206
"Hyderabad",21,17.55875,142.334383892204,124.775633892204
"Hyderabad",22,83.4316666666667,142.145236585599,58.713569918932
"Hyderabad",23,77.5066666666667,141.991461292452,64.4847946257858
"Hyderabad",24,76.82375,141.866443171885,65.0426931718846
"Hyderabad",25,91.5670833333333,141.764804409568,50.1977210762343
"Hyderabad",26,87.3704166666667,141.682172884166,54.3117562174997
"Hyderabad",27,93.0933333333333,141.614994094948,48.5216607616142
"Hyderabad",28,104.706666666667,141.560378260386,36.8537115937192
"Hyderabad",29,99.0379166666667,141.515976010516,42.4780593438489
"Hyderabad",30,115.980833333333,141.479877325778,25.4990439924443
"Hyderabad",31,144.718333333333,141.450529375086,3.2678039582477
"Hyderabad",32,139.299583333333,141.426669718811,2.12708638547747
"Hyderabad",33,110.684782608696,141.407272003327,30.7224893946315
"Hyderabad",34,116.768260869565,141.391501811097,24.6232409415323
"Hyderabad",35,146.366818181818,141.378680767137,4.98813741468169
"Hyderabad",36,190.263333333333,141.368257357843,48.8950759754905
"Hyderabad",37,267.507857142857,141.359783206936,126.148073935921
"Hyderabad",38,241.2405,141.352893787979,99.8876062120207
"Hyderabad",39,186.265238095238,141.347292743805,44.9179453514331
"Hyderabad",40,190.18625,141.342739138336,48.8435108616641
"Hyderabad",41,222.2825,141.33903709241,80.9434629075903
"Hyderabad",42,215.12,141.336027357787,73.7839726422134
"Hyderabad",43,182.077916666667,141.333580466883,40.7443361997836
"Hyderabad",44,136.247083333333,141.331591163558,5.08450783022451
"Hyderabad",45,98.7275,141.329973875384,42.6024738753845
"Hyderabad",46,116.989583333333,141.328659032644,24.3390756993108
"Hyderabad",47,148.848333333333,141.327590075695,7.5207432576386
"Hyderabad",48,122.88625,141.326721021986,18.4404710219863
"Hyderabad",49,122.374583333333,141.326014488062,18.9514311547288
"Hyderabad",50,132.573333333333,141.325440081462,8.75210674812868
"Hyderabad",51,95.5716666666667,141.324973093352,45.7533064266849
"Hyderabad",52,91.9870833333333,141.32459343564,49.3375101023066
"Hyderabad",53,57.4208333333333,141.324284776865,83.9034514435318
"Hyderabad",54,64.6058333333333,141.324033839675,76.7182005063421
"Hyderabad",55,103.355263157895,141.323829829687,37.9685666717918
"Hyderabad",56,105.872,141.323663971148,35.451663971148
"Hyderabad",57,162.855833333333,141.323529129443,21.5323042038906
"Hyderabad",58,146.015,141.323419504182,4.69158049581785
"Pune",1,109.914285714286,114.850493788936,4.93620807464991
"Pune",2,130.310833333333,98.7551098777129,31.5557234556205
"Pune",3,156.488,99.8398703612928,56.6481296387072
"Pune",4,152.202727272727,100.226772408496,51.9759548642308
"Pune",5,141.480833333333,100.364768949112,41.1160643842214
"Pune",6,102.412727272727,100.413988242107,1.99873903061996
"Pune",7,105.440833333333,100.431543311185,5.00929002214848
"Pune",8,110.15125,100.437804686178,9.7134453138225
"Pune",9,102.752083333333,100.44003793383,2.3120453995038
"Pune",10,33.0757142857143,100.440834467352,67.3651201816372
"Pune",11,34.2816666666667,100.441118567349,66.159451900682
"Pune",12,37.855,100.441219897432,62.5862198974323
"Pune",13,62.5152173913043,100.441256038882,37.926038647578
"Pune",14,87.4104761904762,100.441268929471,13.0307927389946
"Pune",15,88.8913636363636,100.441273527163,11.5499098907996
"Pune",16,89.957,100.441275167024,10.4842751670244
"Pune",17,77.2741666666667,100.441275751915,23.1671090852479
"Pune",18,56.9670833333333,100.441275960528,43.4741926271942
"Pune",19,76.7883333333333,100.441276034934,23.6529427016004
"Pune",20,68.0204166666667,100.441276061472,32.4208593948055
"Pune",21,39.93,100.441276070938,60.5112760709376
"Pune",22,55.8475,100.441276074314,44.5937760743137
"Pune",23,75.0573913043478,100.441276075518,25.38388477117
"Pune",24,75.1466666666667,100.441276075947,25.2946094092807
"Pune",25,54.6979166666667,100.4412760761,45.7433594094338
"Pune",26,73.8629166666667,100.441276076155,26.5783594094885
"Pune",27,98.015,100.441276076175,2.42627607617462
"Pune",28,110.063529411765,100.441276076182,9.62225333558314
"Pune",29,102.167083333333,100.441276076184,1.7258072571493
"Pune",30,93.2679166666667,100.441276076185,7.17335940951826
"Pune",31,94.4083333333333,100.441276076185,6.0329427428519
"Pune",32,102.392916666667,100.441276076185,1.95164059048132
"Pune",33,100.649166666667,100.441276076185,0.207890590481284
"Pune",34,80.1454166666667,100.441276076185,20.2958594095187
"Pune",35,95.5958333333333,100.441276076185,4.84544274285207
"Pune",36,136.887916666667,100.441276076185,36.4466405904813
"Pune",37,176.840869565217,100.441276076185,76.399593489032
"Pune",38,173.97652173913,100.441276076185,73.535245662945
"Pune",39,114.915833333333,100.441276076185,14.4745572571479
"Pune",40,166.709166666667,100.441276076185,66.2678905904813
"Pune",41,207.8025,100.441276076185,107.361223923815
"Pune",42,217.577826086957,100.441276076185,117.136550010771
"Pune",43,174.641666666667,100.441276076185,74.2003905904813
"Pune",44,175.335416666667,100.441276076185,74.8941405904813
"Pune",45,153.082083333333,100.441276076185,52.6408072571479
"Pune",46,123.627916666667,100.441276076185,23.1866405904813
"Pune",47,95.98,100.441276076185,4.4612760761854
"Pune",48,111.07,100.441276076185,10.6287239238146
"Pune",49,140.001428571429,100.441276076185,39.5601524952432
"Pune",50,167.050416666667,100.441276076185,66.6091405904813
"Pune",51,138.321666666667,100.441276076185,37.8803905904813
"Pune",52,100.424583333333,100.441276076185,0.0166927428520722
"Pune",53,55.6016666666667,100.441276076185,44.8396094095187
"Pune",54,43.8529166666667,100.441276076185,56.5883594095187
"Pune",55,55.391052631579,100.441276076185,45.0502234446065
"Pune",56,61.944,100.441276076185,38.4972760761854
"Pune",57,68.8470833333333,100.441276076185,31.5941927428521
"Pune",58,100.862142857143,100.441276076185,0.420866780957454
"Jaipur",1,96.3920833333333,131.602799050283,35.2107157169501
"Jaipur",2,153.712083333333,117.366282342081,36.3458009912523
"Jaipur",3,132.78875,109.083874012327,23.7048759876727
"Jaipur",4,126.30652173913,104.26539986259,22.0411218765401
"Jaipur",5,116.177083333333,101.462146001237,14.714937332096
"Jaipur",6,131.258636363636,99.8312910942707,31.4273452693657
"Jaipur",7,115.622916666667,98.8825051979076,16.7404114687591
"Jaipur",8,112.941666666667,98.3305280273499,14.6111386393168
"Jaipur",9,122.869583333333,98.0094031055053,24.860180227828
"Jaipur",10,126.289166666667,97.8225815829313,28.4665850837354
"Jaipur",11,159.819545454545,97.7138940320044,62.1056514225411
"Jaipur",12,146.774583333333,97.6506626464353,49.1239206868981
"Jaipur",13,64.37875,97.6138763899883,33.2351263899883
"Jaipur",14,96.6395833333333,97.5924751720456,0.952891838712276
"Jaipur",15,88.585,97.5800245403786,8.99502454037859
"Jaipur",16,153.8725,97.5727811101531,56.2997188898469
"Jaipur",17,92.4795833333333,97.5685670844848,5.08898375115149
"Jaipur",18,76.46875,97.5661154818904,21.0973654818904
"Jaipur",19,79.1554166666667,97.5646892078822,18.4092725412155
"Jaipur",20,56.61,97.5638594414464,40.9538594414464
"Jaipur",21,78.2908333333333,97.5633767064783,19.272543373145
"Jaipur",22,62.1045833333333,97.5630958647385,35.4585125314052
"Jaipur",23,91.9890909090909,97.5629324788477,5.57384156975675
"Jaipur",24,93.6333333333333,97.5628374254936,3.92950409216024
"Jaipur",25,81.9071428571429,97.5627821261035,15.6556392689606
"Jaipur",26,78.476,97.5627499544607,19.0867499544607
"Jaipur",27,93.24875,97.5627312378963,4.31398123789631
"Jaipur",28,92.5245833333333,97.5627203491212,5.03813701578785
"Jaipur",29,115.639523809524,97.5627140143355,18.0768097951883
"Jaipur",30,117.428571428571,97.5627103289339,19.8658610996375
"Jaipur",31,89.7066666666667,97.5627081848701,7.85604151820343
"Jaipur",32,95.564347826087,97.5627069375135,1.99835911142658
"Jaipur",33,84.4333333333333,97.5627062118363,13.1293728785029
"Jaipur",34,81.1825,97.5627057896575,16.3802057896575
"Jaipur",35,80.5625,97.5627055440457,17.0002055440457
"Jaipur",36,118.780952380952,97.5627054011555,21.2182469797968
"Jaipur",37,108.915416666667,97.5627053180261,11.3527113486406
"Jaipur",38,129.58375,97.5627052696637,32.0210447303364
"Jaipur",39,230.494583333333,97.5627052415278,132.931878091806
"Jaipur",40,167.447916666667,97.5627052251591,69.8852114415076
"Jaipur",41,174.250416666667,97.5627052156362,76.6877114510305
"Jaipur",42,119.841666666667,97.5627052100961,22.2789614565706
"Jaipur",43,126.797916666667,97.562705206873,29.2352114597937
"Jaipur",44,166.245,97.5627052049979,68.6822947950021
"Jaipur",45,234.304736842105,97.562705203907,136.742031638198
"Jaipur",46,263.4625,97.5627052032724,165.899794796728
"Jaipur",47,236.240588235294,97.5627052029031,138.677883032391
"Jaipur",48,226.565,97.5627052026883,129.002294797312
"Jaipur",49,130.49,97.5627052025634,32.9272947974366
"Jaipur",50,135.967083333333,97.5627052024907,38.4043781308427
"Jaipur",51,159.534166666667,97.5627052024484,61.9714614642183
"Jaipur",52,134.4875,97.5627052024238,36.9247947975762
"Jaipur",53,144.63652173913,97.5627052024095,47.073816536721
"Jaipur",54,171.995416666667,97.5627052024011,74.4327114642655
"Jaipur",55,177.793157894737,97.5627052023963,80.2304526923406
"Jaipur",56,159.564,97.5627052023935,62.0012947976065
"Jaipur",57,156.837916666667,97.5627052023918,59.2752114642748
"Jaipur",58,130.910714285714,97.5627052023909,33.3480090833234
"Udaipur",1,98.7195833333333,69.0783642431585,29.6412190901748
"Udaipur",2,94.4166666666667,65.7739486281148,28.6427180385518
"Udaipur",3,104.440833333333,63.5400251896094,40.9008081437239
"Udaipur",4,110.897083333333,62.0297993250468,48.8672840082865
"Udaipur",5,81.4183333333333,61.008823349469,20.4095099838643
"Udaipur",6,65.38375,60.3186008025199,5.06514919748012
"Udaipur",7,76.6433333333333,59.8519814346671,16.7913518986662
"Udaipur",8,55.66,59.5365271867325,3.87652718673252
"Udaipur",9,69.9220833333333,59.3232668949493,10.598816438384
"Udaipur",10,52.4225,59.1790940003086,6.75659400030857
"Udaipur",11,46.805,59.0816270814776,12.2766270814776
"Udaipur",12,51.1141666666667,59.0157353596663,7.90156869299967
"Udaipur",13,66.0722727272727,58.971189794306,7.10108293296675
"Udaipur",14,43.1058333333333,58.9410751252895,15.8352417919562
"Udaipur",15,51.5875,58.9207163469771,7.33321634697707
"Udaipur",16,34.724375,58.9069529596343,24.1825779596343
"Udaipur",17,56.4805555555556,58.8976483329891,2.41709277743358
"Udaipur",18,45.9422222222222,58.8913580154351,12.9491357932129
"Udaipur",19,81.2941176470588,58.8871054971515,22.4070121499073
"Udaipur",20,70.9283333333333,58.8842306165756,12.0441027167577
"Udaipur",21,50.0845833333333,58.8822870768247,8.79770374349135
"Udaipur",22,62.5861904761905,58.8809731625024,3.70521731368803
"Udaipur",23,52.5091666666667,58.8800849013566,6.37091823468991
"Udaipur",24,50.4404166666667,58.8794843995964,8.43906773292971
"Udaipur",25,42.6454166666667,58.8790784352404,16.2336617685737
"Udaipur",26,40.9583333333333,58.8788039863225,17.9204706529891
"Udaipur",27,54.2266666666667,58.8786184473522,4.65195178068556
"Udaipur",28,56.7320833333333,58.8784930152327,2.14640968189937
"Udaipur",29,60.4329166666667,58.8784082178633,1.55450844880342
"Udaipur",30,32.9690476190476,58.8783508912878,25.9093032722402
"Udaipur",31,41.2395238095238,58.8783121361203,17.6387883265965
"Udaipur",32,54.8683333333333,58.8782859360029,4.00995260266959
"Udaipur",33,69.3545833333333,58.8782682236256,10.4763151097078
"Udaipur",34,71.8704166666667,58.8782562493162,12.9921604173505
"Udaipur",35,78.1209523809524,58.8782481541812,19.2427042267712
"Udaipur",36,76.7971428571429,58.8782426815307,17.9189001756122
"Udaipur",37,114.656956521739,58.8782389817896,55.7787175399495
"Udaipur",38,173.2025,58.8782364806096,114.32426351939
"Udaipur",39,162.518333333333,58.8782347897071,103.640098543626
"Udaipur",40,150.44375,58.8782336465861,91.5655163534139
"Udaipur",41,120.603043478261,58.8782328737884,61.7248106044724
"Udaipur",42,82.3179166666667,58.8782323513448,23.4396843153218
"Udaipur",43,136.8935,58.8782319981511,78.0152680018489
"Udaipur",44,192.2975,58.8782317593773,133.419268240623
"Udaipur",45,196.244375,58.8782315979562,137.366143402044
"Udaipur",46,167.408636363636,58.8782314888287,108.530404874808
"Udaipur",47,141.141578947368,58.878231415054,82.2633475323144
"Udaipur",48,105.811764705882,58.8782313651792,46.9335333407031
"Udaipur",49,106.554583333333,58.8782313314618,47.6763520018716
"Udaipur",50,102.621578947368,58.8782313086674,43.7433476387011
"Udaipur",51,86.8579166666667,58.8782312932574,27.9796853734093
"Udaipur",52,103.8125,58.8782312828396,44.9342687171604
"Udaipur",53,72.6868421052632,58.8782312757967,13.8086108294664
"Udaipur",54,114.288,58.8782312710355,55.4097687289645
"Udaipur",55,85.4829166666667,58.8782312678166,26.60468539885
"Udaipur",56,56.7892857142857,58.8782312656406,2.08894555135488
"Champaran",1,141.515416666667,127.37302923001,14.1423874366569
"Champaran",2,103.71,126.141427228373,22.4314272283732
"Champaran",3,97.5242105263158,125.442548873997,27.9183383476813
"Champaran",4,75.696,125.045967061393,49.3499670613934
"Champaran",5,98.4379166666667,124.820924844671,26.3830081780044
"Champaran",6,114.86,124.693223579263,9.83322357926302
"Champaran",7,147.985416666667,124.620758894973,23.3646577716941
"Champaran",8,217.355454545455,124.579638468698,92.7758160767561
"Champaran",9,220.085416666667,124.556304489209,95.5291121774579
"Champaran",10,247.432916666667,124.543063512688,122.889853153979
"Champaran",11,202.329285714286,124.535549858221,77.793735856065
"Champaran",12,176.17125,124.531286199618,51.6399638003819
"Champaran",13,126.183888888889,124.52886676647,1.65502212241876
"Champaran",14,140.3,124.527493847739,15.7725061522607
"Champaran",15,142.489047619048,124.526714778542,17.962332840506
"Champaran",16,200.587916666667,124.526272692057,76.0616439746092
"Champaran",17,185.546666666667,124.526021828001,61.0206448386661
"Champaran",18,132.640833333333,124.52587947401,8.11495385932294
"Champaran",19,125.364705882353,124.525798694568,0.838907187784471
"Champaran",20,154.065833333333,124.525752855894,29.5400804774395
"Champaran",21,125.05125,124.525726844522,0.525523155477927
"Champaran",22,172.543333333333,124.525712084247,48.0176212490866
"Champaran",23,176.01625,124.525703708459,51.4905462915411
"Champaran",24,88.1104166666667,124.525698955579,36.4152822889121
"Champaran",25,96.3729166666667,124.525696258535,28.1527795918679
"Champaran",26,162.29625,124.525694728084,37.7705552719159
"Champaran",27,239.845,124.525693859623,115.319306140377
"Champaran",28,193.83625,124.52569336681,69.3105566331897
"Champaran",29,122.057916666667,124.525693087162,2.4677764204949
"Champaran",30,251.419411764706,124.525692928474,126.893718836232
"Champaran",31,271.424347826087,124.525692838425,146.898654987662
"Champaran",32,246.886666666667,124.525692787327,122.36097387934
"Champaran",33,234.526666666667,124.525692758331,110.000973908336
"Champaran",34,254.525416666667,124.525692741877,129.99972392479
"Champaran",35,224.825833333333,124.52569273254,100.300140600793
"Champaran",36,195.659583333333,124.525692727242,71.1338906060913
"Champaran",37,303.567,124.525692724236,179.041307275764
"Champaran",38,311.24375,124.52569272253,186.718057277471
"Champaran",39,119.357222222222,124.525692721561,5.16847049933918
"Champaran",40,85.037,124.525692721012,39.488692721012
"Champaran",41,134.868333333333,124.5256927207,10.342640612633
"Champaran",42,179.9975,124.525692720523,55.4718072794766
"Champaran",43,151.441764705882,124.525692720423,26.9160719854593
"Champaran",44,143.456363636364,124.525692720366,18.9306709159976
"Champaran",45,151.017916666667,124.525692720334,26.4922239463329
"Champaran",46,230.925,124.525692720315,106.399307279685
"Champaran",47,242.320416666667,124.525692720305,117.794723946362
"Champaran",48,309.1775,124.525692720299,184.651807279701
"Champaran",49,223.64125,124.525692720296,99.1155572797043
"Champaran",50,208.195263157895,124.525692720294,83.6695704376009
"Champaran",51,183.2225,124.525692720293,58.6968072797073
"Champaran",52,219.094545454545,124.525692720292,94.5688527342533
"Champaran",53,142.643333333333,124.525692720292,18.1176406130416
"Champaran",54,137.104583333333,124.525692720292,12.5788906130417
"Champaran",55,194.698947368421,124.525692720291,70.1732546481296
"Champaran",56,192.396,124.525692720291,67.8703072797086
"Champaran",57,219.185,124.525692720291,94.6593072797086
"Champaran",58,289.762857142857,124.525692720291,165.237164422566
"Lucknow",1,261.762666666667,204.978507071141,56.7841595955261
"Lucknow",2,209.381875,166.235386145827,43.146488854173
"Lucknow",3,153.54125,151.095495934959,2.44575406504057
"Lucknow",4,131.575454545455,151.277327898538,19.7018733530831
"Lucknow",5,146.058333333333,155.139885689879,9.08155235654564
"Lucknow",6,172.1575,157.496388236153,14.6611117638467
"Lucknow",7,205.138333333333,158.004946518136,47.1333868151974
"Lucknow",8,213.590833333333,157.737536165802,55.8532971675311
"Lucknow",9,244.613333333333,157.445326354279,87.1680069790544
"Lucknow",10,278.1745,157.329871841901,120.844628158099
"Lucknow",11,244.263125,157.330456211933,86.9326687880675
"Lucknow",12,190.874166666667,157.35941269474,33.5147539719267
"Lucknow",13,215.59125,157.377271583849,58.2139784161514
"Lucknow",14,158.364166666667,157.381204014219,0.982962652448009
"Lucknow",15,137.169583333333,157.379226107669,20.2096427743362
"Lucknow",16,116.240869565217,157.377022454704,41.1361528894861
"Lucknow",17,150.931904761905,157.376142182592,6.44423742068713
"Lucknow",18,102.824583333333,157.376140626591,54.5515572932579
"Lucknow",19,78.2040909090909,157.376357664963,79.1722667558723
"Lucknow",20,30.8320833333333,157.376492993322,126.544409659989
"Lucknow",21,111.530416666667,157.376523382216,45.8461067155494
"Lucknow",22,169.105833333333,157.376508761371,11.7293245719623
"Lucknow",23,186.941666666667,157.37649214487,29.5651745217968
"Lucknow",24,94.9558333333333,157.376485434566,62.4206521012322
"Lucknow",25,141.778333333333,157.37648537765,15.5981520443169
"Lucknow",26,107.314166666667,157.376487004119,50.0623203374524
"Lucknow",27,184.7775,157.376488029467,27.4010119705329
"Lucknow",28,200.777916666667,157.376488264167,43.4014284024992
"Lucknow",29,152.041666666667,157.376488156157,5.33482148949022
"Lucknow",30,201.34375,157.376488030876,43.9672619691237
"Lucknow",31,247.390416666667,157.376487979733,90.0139286869336
"Lucknow",32,221.975833333333,157.376487978962,64.5993453543717
"Lucknow",33,200.4375,157.376487991148,43.0610120088521
"Lucknow",34,125.905416666667,157.376487998916,31.4710713322491
"Lucknow",35,215.530416666667,157.376488000727,58.1539286659392
"Lucknow",36,227.278333333333,157.37648799993,69.9018453334033
"Lucknow",37,301.908,157.376487998986,144.531512001014
"Lucknow",38,319.679230769231,157.376487998596,162.302742770635
"Lucknow",39,251.065416666667,157.376487998587,93.6889286680792
"Lucknow",40,238.952916666667,157.376487998679,81.576428667988
"Lucknow",41,255.778333333333,157.376487998738,98.4018453345958
"Lucknow",42,280.948571428571,157.376487998752,123.57208342982
"Lucknow",43,267.6375,157.376487998746,110.261012001254
"Lucknow",44,321.828333333333,157.376487998739,164.451845334595
"Lucknow",45,328.783333333333,157.376487998736,171.406845334598
"Lucknow",46,289.536,157.376487998736,132.159512001264
"Lucknow",47,314.556666666667,157.376487998736,157.18017866793
"Lucknow",48,271.788695652174,157.376487998737,114.412207653437
"Lucknow",49,227.349166666667,157.376487998737,69.9726786679299
"Lucknow",50,263.406,157.376487998737,106.029512001263
"Lucknow",51,227.846666666667,157.376487998737,70.47017866793
"Lucknow",52,188.727083333333,157.376487998737,31.3505953345967
"Lucknow",53,197.442083333333,157.376487998737,40.0655953345967
"Lucknow",54,160.23875,157.376487998737,2.86226200126339
"Lucknow",55,215.166842105263,157.376487998737,57.7903541065265
"Lucknow",56,277.532,157.376487998737,120.155512001263
"Lucknow",57,213.525416666667,157.376487998737,56.1489286679301
"Lucknow",58,297.546428571429,157.376487998737,140.169940572692
"Patna",1,190.094166666667,177.161988210369,12.9321784562981
"Patna",2,164.287142857143,172.077378479177,7.790235622034
"Patna",3,113.68875,166.448625060485,52.7598750604852
"Patna",4,100.980476190476,163.381993992937,62.4015178024604
"Patna",5,151.43625,162.536608942939,11.1003589429395
"Patna",6,150.281666666667,162.740970859532,12.4593041928651
"Patna",7,177.88,163.149701305555,14.7302986944449
"Patna",8,253.355416666667,163.419982961827,89.9354337048394
"Patna",9,242.468095238095,163.519717817623,78.9483774204721
"Patna",10,252.192380952381,163.522028808224,88.6703521441565
"Patna",11,247.67875,163.495094014454,84.1836559855461
"Patna",12,238.909166666667,163.472727155441,75.436439511226
"Patna",13,239.667777777778,163.462484566009,76.2052932117684
"Patna",14,231.11625,163.46069080089,67.6555591991098
"Patna",15,244.660833333333,163.462203041152,81.1986302921815
"Patna",16,237.980416666667,163.463939271026,74.5164773956405
"Patna",17,116.022916666667,163.464901406357,47.4419847396905
"Patna",18,181.41125,163.465175231421,17.9460747685787
"Patna",19,109.87125,163.465118035473,53.5938680354727
"Patna",20,158.305833333333,163.464992894477,5.1591595611437
"Patna",21,126.135,163.464908590836,37.3299085908355
"Patna",22,228.240416666667,163.464876805066,64.775539861601
"Patna",23,191.615,163.464875538477,28.1501244615235
"Patna",24,120.669166666667,163.464883695626,42.795717028959
"Patna",25,78.6775,163.464890633012,84.787390633012
"Patna",26,115.449583333333,163.464893866784,48.0153105334503
"Patna",27,178.972083333333,163.464894468979,15.507188864354
"Patna",28,183.640833333333,163.464894020437,20.1759393128966
"Patna",29,175.129166666667,163.464893485202,11.6642731814642
"Patna",30,222.1575,163.464893183508,58.6926068164925
"Patna",31,245.782083333333,163.464893094991,82.3171902383426
"Patna",32,230.814583333333,163.464893110787,67.3496902225459
"Patna",33,229.704583333333,163.464893149071,66.2396901842619
"Patna",34,222.50125,163.464893175353,59.0363568246467
"Patna",35,200.670833333333,163.464893185473,37.2059401478602
"Patna",36,209.360416666667,163.464893186038,45.8955234806292
"Patna",37,328.25,163.46489318357,164.78510681643
"Patna",38,361.3175,163.46489318142,197.85260681858
"Patna",39,186.47347826087,163.464893180399,23.0085850804701
"Patna",40,201.706086956522,163.464893180198,38.2411937763233
"Patna",41,200.668695652174,163.464893180331,37.2038024718428
"Patna",42,244.422727272727,163.464893180496,80.9578340922312
"Patna",43,268.218571428571,163.464893180591,104.753678247981
"Patna",44,254.02125,163.464893180619,90.5563568193808
"Patna",45,303.305789473684,163.464893180615,139.840896293069
"Patna",46,295.865416666667,163.464893180603,132.400523486063
"Patna",47,260.525,163.464893180595,97.060106819405
"Patna",48,305.249285714286,163.464893180592,141.784392533694
"Patna",49,309.993333333333,163.464893180592,146.528440152742
"Patna",50,284.7565,163.464893180592,121.291606819408
"Patna",51,261.4415,163.464893180593,97.9766068194071
"Patna",52,276.33625,163.464893180593,112.871356819407
"Patna",53,329.846470588235,163.464893180593,166.381577407642
"Patna",54,138.630416666667,163.464893180593,24.8344765139266
"Patna",55,172.350526315789,163.464893180593,8.88563313519626
"Patna",56,217.668,163.464893180593,54.2031068194068
"Patna",57,210.355416666667,163.464893180593,46.8905234860735
"Patna",58,197.235714285714,163.464893180593,33.7708211051211
